Name,English_title,Score,Popularity,Rank,Members,Type,Episodes,Status,Aired,Producers,Licensors,Studios,Source,Genres,Themes,Duration,Rating,Favorites,Premiered,Broadcast,Demographics
Doupo Cangqiong: San Nian Zhi Yue,Fights Break Sphere: Three Year Agreement,8.56,7289,102,7,ONA,13,Finished Airing,"Oct 31, 2021 to Jan 16, 2022",Tencent Penguin Pictures,"None found, add some",Motion Magic,Novel,"Action, Fantasy",Martial Arts,24 min. per ep.,PG-13 - Teens 13 or older,184,,,
Shingeki no Kyojin,Attack on Titan,8.55,1,105,3,TV,25,Finished Airing,"Apr 7, 2013 to Sep 29, 2013","Production I.G,       Dentsu,       Mainichi Broadcasting System,       Pony Canyon,       Kodansha,       Pony Canyon Enterprises",Funimation,Wit Studio,Manga,"Action, Award Winning, Drama, Suspense","Gore, Military, Survival",24 min. per ep.,R - 17+ (violence & profanity),"172,623",Spring 2013,Sundays at 01:58 (JST),Shounen
"Shinseiki Evangelion Movie: Air/Magokoro wo, Kimi ni",Neon Genesis Evangelion: The End of Evangelion,8.55,174,106,938,Movie,1,Finished Airing,"Jul 19, 1997","TV Tokyo,       Toei Animation,       Kadokawa Shoten,       Movic,       Sega,       TV Tokyo Music,       King Records,       Audio Tanaka",GKIDS,"Gainax,       Production I.G",Original,"Action, Avant Garde, Drama, Sci-Fi, Suspense","Mecha, Psychological",1 hr. 26 min.,R+ - Mild Nudity,"29,247",,,
Natsume Yuujinchou Go,Natsume's Book of Friends Season 5,8.56,1285,103,187,TV,11,Finished Airing,"Oct 5, 2016 to Dec 21, 2016","TV Tokyo,       Aniplex,       Nihon Ad Systems,       Hakusensha","None found, add some",Shuka,Manga,"Slice of Life, Supernatural","Iyashikei, Mythology",23 min. per ep.,PG-13 - Teens 13 or older,834,Fall 2016,Wednesdays at 01:35 (JST),Shoujo
JoJo no Kimyou na Bouken Part 5: Ougon no Kaze,JoJo's Bizarre Adventure: Golden Wind,8.57,152,101,1,TV,39,Finished Airing,"Oct 6, 2018 to Jul 28, 2019",Warner Bros. Japan,VIZ Media,David Production,Manga,"Action, Adventure, Supernatural",Organized Crime,23 min. per ep.,R - 17+ (violence & profanity),"32,043",Fall 2018,Saturdays at 01:05 (JST),Shounen
Shouwa Genroku Rakugo Shinjuu,Showa Genroku Rakugo Shinju,8.56,839,104,293,TV,13,Finished Airing,"Jan 9, 2016 to Apr 2, 2016","Starchild Records,       Mainichi Broadcasting System,       Kodansha,       DAX Production","None found, add some",Studio Deen,Manga,Drama,"Historical, Love Polygon, Performing Arts",26 min. per ep.,PG-13 - Teens 13 or older,"5,841",Winter 2016,Saturdays at 02:25 (JST),Josei
Yojouhan Shinwa Taikei,The Tatami Galaxy,8.55,502,107,453,TV,11,Finished Airing,"Apr 23, 2010 to Jul 2, 2010","Dentsu,       Kadokawa Shoten,       Fuji TV,       TOHO,       Asmik Ace,       Tohokushinsha Film Corporation,       Sony Music Entertainment,       Fujipacific Music",Funimation,Madhouse,Novel,"Award Winning, Comedy, Mystery, Romance, Suspense","Adult Cast, Psychological, Time Travel",22 min. per ep.,R - 17+ (violence & profanity),"18,263",Spring 2010,Fridays at 00:45 (JST),
Fate/Zero 2nd Season,Fate/Zero Season 2,8.55,132,108,1,TV,12,Finished Airing,"Apr 8, 2012 to Jun 24, 2012","Aniplex,       Nitroplus,       Seikaisha,       Notes",Aniplex of America,ufotable,Light novel,"Action, Fantasy, Supernatural",,24 min. per ep.,R - 17+ (violence & profanity),"20,399",Spring 2012,Sundays at 00:00 (JST),
Haikyuu!! To the Top Part 2,Haikyu!! To the Top 2nd-cour,8.55,224,109,822,TV,12,Finished Airing,"Oct 3, 2020 to Dec 19, 2020","Dentsu,       Mainichi Broadcasting System,       Movic,       Sony Music Entertainment,       TOHO animation,       Shueisha",Sentai Filmworks,Production I.G,Manga,Sports,"School, Team Sports",23 min. per ep.,PG-13 - Teens 13 or older,"6,188",Fall 2020,Saturdays at 02:25 (JST),Shounen
Nana,,8.55,306,112,675,TV,47,Finished Airing,"Apr 5, 2006 to Mar 28, 2007","VAP,       Nippon Television Network,       Shueisha","VIZ Media,       Sentai Filmworks",Madhouse,Manga,"Drama, Romance","Adult Cast, Love Polygon, Music",22 min. per ep.,R+ - Mild Nudity,"30,380",Spring 2006,Wednesdays at 23:25 (JST),Shoujo
Kimi no Suizou wo Tabetai,I Want To Eat Your Pancreas,8.55,161,111,974,Movie,1,Finished Airing,"Sep 1, 2018","Aniplex,       ABC Animation",Aniplex of America,Studio VOLN,Novel,"Drama, Romance",School,1 hr. 48 min.,PG-13 - Teens 13 or older,"20,925",,,
JoJo no Kimyou na Bouken Part 6: Stone Ocean Part 3,JoJo's Bizarre Adventure: Stone Ocean Part 3,8.55,1178,110,207,ONA,14,Finished Airing,"Dec 1, 2022",Warner Bros. Japan,"None found, add some",David Production,Manga,"Action, Adventure, Supernatural",,24 min. per ep.,R - 17+ (violence & profanity),"2,939",,,Shounen
Slam Dunk,,8.54,800,114,303,TV,101,Finished Airing,"Oct 16, 1993 to Mar 23, 1996",TV Asahi,Geneon Entertainment USA,Toei Animation,Manga,Sports,"School, Team Sports",23 min. per ep.,PG-13 - Teens 13 or older,"7,338",Fall 1993,Saturdays at 19:30 (JST),Shounen
Zoku Natsume Yuujinchou,Natsume's Book of Friends Season 2,8.54,987,115,249,TV,13,Finished Airing,"Jan 6, 2009 to Mar 31, 2009","Aniplex,       Nihon Ad Systems","NIS America, Inc.",Brain's Base,Manga,"Slice of Life, Supernatural","Iyashikei, Mythology",24 min. per ep.,PG-13 - Teens 13 or older,"1,434",Winter 2009,Tuesdays at 01:00 (JST),Shoujo
Perfect Blue,,8.55,285,113,716,Movie,1,Finished Airing,"Feb 28, 1998","Rex Entertainment,       ONIRO",GKIDS,Madhouse,Novel,"Avant Garde, Drama, Horror, Suspense","Adult Cast, Psychological, Showbiz",1 hr. 21 min.,R+ - Mild Nudity,"19,456",,,
Bakuman. 3rd Season,Bakuman. Season 3,8.53,726,117,331,TV,25,Finished Airing,"Oct 6, 2012 to Mar 30, 2013","NHK,       Shueisha","None found, add some",J.C.Staff,Manga,"Comedy, Drama, Romance",Otaku Culture,24 min. per ep.,PG-13 - Teens 13 or older,"2,957",Fall 2012,Unknown,Shounen
Mushishi: Hihamukage,Mushi-shi: The Shadow that Devours the Sun,8.53,1634,118,140,TV Special,1,Finished Airing,"Jan 4, 2014","Aniplex,       Kodansha,       Delfi Sound","None found, add some",Artland,Manga,"Adventure, Mystery, Slice of Life, Supernatural","Adult Cast, Historical, Iyashikei",45 min.,PG-13 - Teens 13 or older,195,,,Seinen
Fruits Basket 2nd Season,,8.54,432,116,515,TV,25,Finished Airing,"Apr 7, 2020 to Sep 22, 2020","TV Tokyo,       TV Osaka,       Nihon Ad Systems,       Hakusensha,       Avex Pictures,       TMS Music,       8PAN",Funimation,TMS Entertainment,Manga,"Drama, Romance, Supernatural",School,23 min. per ep.,PG-13 - Teens 13 or older,"6,094",Spring 2020,Tuesdays at 01:30 (JST),Shoujo
Sora yori mo Tooi Basho,A Place Further Than The Universe,8.52,441,121,507,TV,13,Finished Airing,"Jan 2, 2018 to Mar 27, 2018","Movic,       AT-X,       Sony Music Communications,       Docomo Anime Store,       Kadokawa Media House,       Kadokawa,       NewGin,       Crunchyroll SC Anime Fund","None found, add some",Madhouse,Original,"Adventure, Comedy, Drama",CGDCT,23 min. per ep.,PG-13 - Teens 13 or older,"14,134",Winter 2018,Tuesdays at 20:30 (JST),
Steins;Gate 0,,8.53,198,119,876,TV,23,Finished Airing,"Apr 12, 2018 to Sep 27, 2018","Frontier Works,       Movic,       Kadokawa",Funimation,White Fox,Visual novel,"Drama, Sci-Fi, Suspense",Time Travel,23 min. per ep.,PG-13 - Teens 13 or older,"11,889",Spring 2018,Thursdays at 01:35 (JST),
Shoujo☆Kageki Revue Starlight Movie,Revue Starlight: The Movie,8.52,4886,120,20,Movie,1,Finished Airing,"Jun 4, 2021",Bushiroad,Sentai Filmworks,Kinema Citrus,Original,Drama,"Music, Performing Arts, School",2 hr.,PG-13 - Teens 13 or older,860,,,
Yuru Camp△ Season 2,Laid-Back Camp Season 2,8.52,1080,123,227,TV,13,Finished Airing,"Jan 7, 2021 to Apr 1, 2021","Half H.P Studio,       MAGES.,       DeNA","None found, add some",C-Station,Manga,Slice of Life,"CGDCT, Iyashikei",23 min. per ep.,PG-13 - Teens 13 or older,"3,063",Winter 2021,Thursdays at 23:00 (JST),
Gintama Movie 1: Shinyaku Benizakura-hen,Gintama: The Movie,8.52,1435,124,165,Movie,1,Finished Airing,"Apr 24, 2010","TV Tokyo,       Aniplex,       Dentsu,       Bandai,       Warner Bros. Japan,       Shueisha",Sentai Filmworks,Sunrise,Manga,"Action, Comedy, Sci-Fi","Historical, Parody, Samurai",1 hr. 35 min.,R - 17+ (violence & profanity),618,,,Shounen
Spy x Family,,8.52,69,122,1,TV,12,Finished Airing,"Apr 9, 2022 to Jun 25, 2022","TV Tokyo,       Shogakukan-Shueisha Productions,       TOHO animation,       Shueisha",Funimation,"Wit Studio,       CloverWorks",Manga,"Action, Award Winning, Comedy",Childcare,24 min. per ep.,PG-13 - Teens 13 or older,"39,372",Spring 2022,Saturdays at 23:00 (JST),Shounen
Hotaru no Haka,Grave of the Fireflies,8.52,301,126,680,Movie,1,Finished Airing,"Apr 16, 1988","None found, add some","ADV Films,       Central Park Media,       Sentai Filmworks",Studio Ghibli,Novel,Drama,Historical,1 hr. 28 min.,PG-13 - Teens 13 or older,"8,147",,,
Gintama.: Porori-hen,Gintama.: Slip Arc,8.52,1192,125,203,TV,13,Finished Airing,"Oct 2, 2017 to Dec 25, 2017","TV Tokyo,       Aniplex,       Dentsu,       Shueisha","None found, add some",Bandai Namco Pictures,Manga,"Action, Comedy, Sci-Fi","Gag Humor, Historical, Parody, Samurai",23 min. per ep.,PG-13 - Teens 13 or older,917,Fall 2017,Mondays at 01:35 (JST),Shounen
Kara no Kyoukai Movie 5: Mujun Rasen,The Garden of Sinners Chapter 5: Paradox Spiral,8.52,1017,127,239,Movie,1,Finished Airing,"Aug 16, 2008",Notes,Aniplex of America,ufotable,Light novel,"Action, Drama, Mystery, Romance, Supernatural, Suspense",,1 hr. 54 min.,R - 17+ (violence & profanity),"4,592",,,
Koukaku Kidoutai: Stand Alone Complex 2nd GIG,Ghost in the Shell: Stand Alone Complex 2nd GIG,8.52,1073,128,228,TV,26,Finished Airing,"Jan 1, 2004 to Jan 8, 2005","Bandai Visual,       Dentsu,       Victor Entertainment,       Kodansha,       Tokuma Shoten,       Nippon Television Network","Bandai Entertainment,       Manga Entertainment",Production I.G,Manga,"Action, Mystery, Sci-Fi","Adult Cast, Detective, Mecha, Military",25 min. per ep.,R - 17+ (violence & profanity),"3,162",Winter 2004,Unknown,Seinen
Ousama Ranking,Ranking of Kings,8.51,329,129,649,TV,23,Finished Airing,"Oct 15, 2021 to Mar 25, 2022","Aniplex,       Dentsu,       Fuji TV,       Kadokawa,       Bandai Spirits",Funimation,Wit Studio,Web manga,"Adventure, Fantasy",,22 min. per ep.,PG-13 - Teens 13 or older,"12,723",Fall 2021,Fridays at 00:55 (JST),
Samurai Champloo,,8.51,109,130,1,TV,26,Finished Airing,"May 20, 2004 to Mar 19, 2005","Victor Entertainment,       Fuji TV,       Barnum Studio,       Tokuma Shoten,       flying DOG","Funimation,       Geneon Entertainment USA",Manglobe,Original,"Action, Adventure, Comedy","Historical, Samurai",24 min. per ep.,R - 17+ (violence & profanity),"38,121",Spring 2004,Saturdays at 10:30 (JST),
Shingeki no Kyojin Season 2,Attack on Titan Season 2,8.51,12,131,2,TV,12,Finished Airing,"Apr 1, 2017 to Jun 17, 2017","Production I.G,       Dentsu,       Mainichi Broadcasting System,       Pony Canyon,       Kodansha,       Techno Sound,       Pony Canyon Enterprises",Funimation,Wit Studio,Manga,"Action, Drama, Suspense","Gore, Military, Survival",24 min. per ep.,R - 17+ (violence & profanity),"21,649",Spring 2017,Saturdays at 22:00 (JST),Shounen
Tian Guan Cifu Special,Heaven Official's Blessing Special,8.5,3152,135,49,ONA,1,Finished Airing,"Feb 16, 2021",bilibili,"None found, add some",Haoliners Animation League,Web novel,"Action, Adventure, Drama, Fantasy","Historical, Mythology",21 min.,PG-13 - Teens 13 or older,489,,,
Chainsaw Man,,8.5,73,133,1,TV,12,Finished Airing,"Oct 12, 2022 to Dec 28, 2022",dugout,"None found, add some",MAPPA,Manga,"Action, Fantasy",Gore,24 min. per ep.,R - 17+ (violence & profanity),"47,329",Fall 2022,Wednesdays at 00:00 (JST),Shounen
Dungeon Meshi,Delicious in Dungeon,8.51,920,132,266,TV,24,Finished Airing,"Jan 4, 2024 to Jun 13, 2024","Ultra Super Pictures,       Good Smile Company,       Tencent Japan,       Kadokawa","None found, add some",Trigger,Manga,"Adventure, Comedy, Fantasy, Gourmet",,25 min. per ep.,R - 17+ (violence & profanity),"3,544",Winter 2024,Thursdays at 22:30 (JST),Seinen
JoJo no Kimyou na Bouken Part 4: Diamond wa Kudakenai,JoJo's Bizarre Adventure: Diamond Is Unbreakable,8.5,128,134,1,TV,39,Finished Airing,"Apr 2, 2016 to Dec 24, 2016",Warner Bros. Japan,VIZ Media,David Production,Manga,"Action, Adventure, Supernatural",,23 min. per ep.,R - 17+ (violence & profanity),"39,903",Spring 2016,Saturdays at 00:30 (JST),Shounen
Mob Psycho 100,,8.49,30,138,2,TV,12,Finished Airing,"Jul 11, 2016 to Sep 27, 2016","Warner Bros. Japan,       KlockWorx,       BS Fuji,       Hakuhodo DY Music & Pictures,       Shogakukan","Funimation,       Crunchyroll",Bones,Web manga,"Action, Comedy, Supernatural",Super Power,24 min. per ep.,PG-13 - Teens 13 or older,"48,557",Summer 2016,Tuesdays at 00:00 (JST),
One Punch Man,,8.49,4,139,3,TV,12,Finished Airing,"Oct 5, 2015 to Dec 21, 2015","TV Tokyo,       Bandai Visual,       Lantis,       Asatsu DK,       Banpresto,       Good Smile Company,       Shueisha,       JR East Marketing & Communications",VIZ Media,Madhouse,Web manga,"Action, Comedy","Adult Cast, Parody, Super Power",24 min. per ep.,R - 17+ (violence & profanity),"64,630",Fall 2015,Mondays at 01:05 (JST),Seinen
Uchuu Kyoudai,Space Brothers,8.49,1233,136,195,TV,99,Finished Airing,"Apr 1, 2012 to Mar 22, 2014","Yomiuri Telecasting,       Trinity Sound",Sentai Filmworks,A-1 Pictures,Manga,Comedy,"Adult Cast, Space, Workplace",24 min. per ep.,PG-13 - Teens 13 or older,"3,852",Spring 2012,Sundays at 07:00 (JST),Seinen
Pluto,,8.49,1463,140,162,ONA,8,Finished Airing,"Oct 26, 2023","Genco,       Tezuka Productions,       NetEase","None found, add some",Studio M2,Manga,"Action, Mystery, Sci-Fi, Suspense","Detective, Psychological",1 hr. 1 min. per ep.,PG-13 - Teens 13 or older,"2,041",,,Seinen
Yakusoku no Neverland,The Promised Neverland,8.49,38,137,1,TV,12,Finished Airing,"Jan 10, 2019 to Mar 29, 2019","Aniplex,       Dentsu,       Fuji TV,       Shueisha,       CA-Cygames Anime Fund",Aniplex of America,CloverWorks,Manga,"Fantasy, Mystery, Sci-Fi, Suspense","Psychological, Survival",22 min. per ep.,R - 17+ (violence & profanity),"32,465",Winter 2019,Fridays at 00:55 (JST),Shounen
Summertime Render,Summer Time Rendering,8.48,419,143,535,TV,25,Finished Airing,"Apr 15, 2022 to Sep 30, 2022","Shogakukan-Shueisha Productions,       Movic,       MAGES.,       Tokyo MX,       Shueisha,       Toy's Factory,       Bandai Spirits","None found, add some",OLM,Manga,"Mystery, Supernatural, Suspense",Time Travel,23 min. per ep.,R - 17+ (violence & profanity),"9,052",Spring 2022,Fridays at 00:00 (JST),Shounen
Ansatsu Kyoushitsu 2nd Season,Assassination Classroom Second Season,8.48,85,144,1,TV,25,Finished Airing,"Jan 8, 2016 to Jul 1, 2016","Dentsu,       Studio Hibari,       Fuji TV,       DAX Production,       Avex Pictures,       Shueisha,       Kansai Telecasting",Funimation,Lerche,Manga,"Action, Comedy",School,23 min. per ep.,PG-13 - Teens 13 or older,"17,667",Winter 2016,Fridays at 01:25 (JST),Shounen
Aria the Origination,,8.48,1734,145,130,TV,13,Finished Airing,"Jan 8, 2008 to Apr 1, 2008","Production I.G,       TV Tokyo,       Media Factory,       Shochiku,       Mag Garden",Nozomi Entertainment,HAL Film Maker,Manga,"Fantasy, Sci-Fi, Slice of Life",Iyashikei,24 min. per ep.,G - All Ages,"4,154",Winter 2008,Tuesdays at 02:00 (JST),Shounen
Fate/stay night Movie: Heaven's Feel - II. Lost Butterfly,Fate/stay night: Heaven's Feel - II. Lost Butterfly,8.48,597,146,391,Movie,1,Finished Airing,"Jan 12, 2019","Aniplex,       Notes,       Kadokawa",Aniplex of America,ufotable,Visual novel,"Action, Fantasy, Supernatural",,1 hr. 57 min.,R - 17+ (violence & profanity),"3,476",,,
Mahou Shoujo Madoka★Magica Movie 3: Hangyaku no Monogatari,Puella Magi Madoka Magica the Movie: Rebellion,8.48,614,142,382,Movie,1,Finished Airing,"Oct 26, 2013","Aniplex,       Mainichi Broadcasting System,       Movic,       Nitroplus,       Houbunsha",Aniplex of America,Shaft,Original,"Award Winning, Drama, Fantasy, Suspense","Mahou Shoujo, Psychological",1 hr. 56 min.,PG-13 - Teens 13 or older,"8,887",,,
Kono Subarashii Sekai ni Shukufuku wo! 3,KonoSuba: God's Blessing on This Wonderful World! 3,8.48,653,141,362,TV,11,Currently Airing,"Apr 10, 2024 to Jun 19, 2024","Half H.P Studio,       Nippon Columbia,       81 Produce,       Sammy,       Kadokawa","None found, add some",Drive,Light novel,"Adventure, Comedy, Fantasy","Isekai, Parody",23 min. per ep.,PG-13 - Teens 13 or older,"4,377",Spring 2024,Wednesdays at 23:30 (JST),
Rainbow: Nisha Rokubou no Shichinin,Rainbow,8.47,585,148,397,TV,26,Finished Airing,"Apr 7, 2010 to Sep 29, 2010","VAP,       Nippon Television Network","Funimation,       Discotek Media",Madhouse,Manga,"Drama, Suspense","Delinquents, Historical",22 min. per ep.,R - 17+ (violence & profanity),"8,435",Spring 2010,Wednesdays at 00:59 (JST),Seinen
Banana Fish,,8.47,201,147,869,TV,24,Finished Airing,"Jul 6, 2018 to Dec 21, 2018","Aniplex,       Dentsu,       Movic,       Fuji TV,       Shogakukan","None found, add some",MAPPA,Manga,"Action, Adventure, Drama, Suspense","Delinquents, Organized Crime, Psychological",22 min. per ep.,R - 17+ (violence & profanity),"30,335",Summer 2018,Fridays at 00:55 (JST),Shoujo
Chihayafuru 3,,8.46,1619,154,142,TV,24,Finished Airing,"Oct 23, 2019 to Mar 25, 2020","Kodansha,       Nippon Television Network,       TC Entertainment,       Nippon Television Music,       FBC",Sentai Filmworks,Madhouse,Manga,"Drama, Sports","Love Polygon, School, Strategy Game",22 min. per ep.,PG-13 - Teens 13 or older,"1,561",Fall 2019,Wednesdays at 01:29 (JST),Josei
Gintama: The Semi-Final,,8.46,2442,155,78,Special,2,Finished Airing,"Jan 15, 2021 to Jan 20, 2021","None found, add some","None found, add some",Bandai Namco Pictures,Manga,"Action, Comedy","Gag Humor, Historical, Parody, Samurai",24 min. per ep.,PG-13 - Teens 13 or older,252,,,Shounen
Yuu☆Yuu☆Hakusho,Yu Yu Hakusho: Ghost Files,8.46,290,156,694,TV,112,Finished Airing,"Oct 10, 1992 to Jan 7, 1995","Yomiko Advertising,       Fuji TV",Funimation,Pierrot,Manga,"Action, Fantasy","Martial Arts, Mythology",23 min. per ep.,PG-13 - Teens 13 or older,"23,045",Fall 1992,Unknown,Shounen
Karakai Jouzu no Takagi-san Movie,Teasing Master Takagi-san: The Movie,8.46,2498,149,75,Movie,1,Finished Airing,"Jun 10, 2022",TOHO animation,Sentai Filmworks,Shin-Ei Animation,Manga,,"Romantic Subtext, School",1 hr. 13 min.,PG-13 - Teens 13 or older,715,,,Shounen
Mo Dao Zu Shi,The Founder of Diabolism,8.46,1054,151,232,ONA,15,Finished Airing,"Jul 9, 2018 to Oct 6, 2018","Aniplex,       Tencent Penguin Pictures","None found, add some",B.CMAY PICTURES,Web novel,"Action, Adventure, Drama, Fantasy, Mystery","Historical, Mythology, Reincarnation",25 min. per ep.,R - 17+ (violence & profanity),"6,798",,,
Kimetsu no Yaiba,Demon Slayer: Kimetsu no Yaiba,8.46,6,150,3,TV,26,Finished Airing,"Apr 6, 2019 to Sep 28, 2019","Aniplex,       Shueisha",Aniplex of America,ufotable,Manga,"Action, Award Winning, Fantasy",Historical,23 min. per ep.,R - 17+ (violence & profanity),"90,865",Spring 2019,Saturdays at 23:30 (JST),Shounen
Mo Dao Zu Shi: Xian Yun Pian,The Founder of Diabolism Season 2,8.46,2009,152,106,ONA,8,Finished Airing,"Aug 3, 2019 to Sep 21, 2019",Tencent Penguin Pictures,"None found, add some",B.CMAY PICTURES,Web novel,"Action, Adventure, Drama, Fantasy, Mystery","Historical, Mythology, Reincarnation",24 min. per ep.,R - 17+ (violence & profanity),"1,238",,,
Owarimonogatari,,8.45,475,158,479,TV,12,Finished Airing,"Oct 4, 2015 to Dec 20, 2015",Aniplex,Aniplex of America,Shaft,Light novel,"Comedy, Mystery, Supernatural",Vampire,26 min. per ep.,R - 17+ (violence & profanity),"2,890",Fall 2015,Sundays at 00:00 (JST),
Bungou Stray Dogs 4th Season,Bungo Stray Dogs 4,8.45,843,159,291,TV,13,Finished Airing,"Jan 4, 2023 to Mar 29, 2023","WOWOW,       Lantis,       Movic,       Glovision,       Crunchyroll,       Kadokawa,       Sony Music Solutions,       Bandai Namco Music Live","None found, add some",Bones,Manga,"Action, Mystery, Supernatural","Adult Cast, Detective, Organized Crime, Super Power",23 min. per ep.,R - 17+ (violence & profanity),"3,235",Winter 2023,Wednesdays at 23:00 (JST),Seinen
Nichijou,Nichijou - My Ordinary Life,8.46,191,153,901,TV,26,Finished Airing,"Apr 3, 2011 to Sep 25, 2011","Lantis,       Kadokawa Shoten,       Movic,       Rakuonsha,       Kadokawa Pictures Japan,       KlockWorx,       Animation Do","Funimation,       Bandai Entertainment",Kyoto Animation,Manga,Comedy,"Gag Humor, School",23 min. per ep.,PG-13 - Teens 13 or older,"23,901",Spring 2011,Sundays at 02:20 (JST),Shounen
Zoku Owarimonogatari,,8.44,1074,163,227,TV,6,Finished Airing,"May 19, 2019 to Jun 23, 2019","Aniplex,       Kodansha",Aniplex of America,Shaft,Light novel,"Comedy, Mystery, Supernatural",Vampire,28 min. per ep.,R - 17+ (violence & profanity),987,Spring 2019,Sundays at 00:00 (JST),
Steins;Gate Movie: Fuka Ryouiki no Déjà vu,Steins;Gate: The Movie - Load Region of Déjà Vu,8.45,367,157,597,Movie,1,Finished Airing,"Apr 20, 2013","Frontier Works,       Media Factory,       Movic,       AT-X,       Kadokawa Pictures Japan,       MAGES.,       Cinema Sunshine",Funimation,White Fox,Visual novel,"Drama, Sci-Fi",,1 hr. 30 min.,PG-13 - Teens 13 or older,"2,649",,,
Jujutsu Kaisen 0 Movie,Jujutsu Kaisen 0,8.44,163,164,966,Movie,1,Finished Airing,"Dec 24, 2021","Mainichi Broadcasting System,       TOHO animation,       Shueisha,       Sumzap",Crunchyroll,MAPPA,Manga,"Action, Fantasy",School,1 hr. 44 min.,R - 17+ (violence & profanity),"10,173",,,Shounen
Golden Kamuy 3rd Season,Golden Kamuy Season 3,8.44,1387,160,171,TV,12,Finished Airing,"Oct 5, 2020 to Dec 21, 2020","Magic Capsule,       NBCUniversal Entertainment Japan,       Twin Engine",Funimation,Geno Studio,Manga,"Action, Adventure","Adult Cast, Historical, Military",23 min. per ep.,R - 17+ (violence & profanity),"1,474",Fall 2020,Mondays at 23:00 (JST),Seinen
Haikyuu!!,Haikyu!!,8.44,37,161,1,TV,25,Finished Airing,"Apr 6, 2014 to Sep 21, 2014","Dentsu,       Mainichi Broadcasting System,       Movic,       TOHO animation,       Shueisha,       Spacey Music Entertainment",Sentai Filmworks,Production I.G,Manga,Sports,"School, Team Sports",24 min. per ep.,PG-13 - Teens 13 or older,"73,868",Spring 2014,Sundays at 17:00 (JST),Shounen
JoJo no Kimyou na Bouken Part 3: Stardust Crusaders 2nd Season,JoJo's Bizarre Adventure: Stardust Crusaders - Battle in Egypt,8.44,133,162,1,TV,24,Finished Airing,"Jan 10, 2015 to Jun 20, 2015","Yomiko Advertising,       Warner Bros. Japan,       KlockWorx,       Medicos Entertainment,       Shueisha",VIZ Media,David Production,Manga,"Action, Adventure, Supernatural",,23 min. per ep.,R - 17+ (violence & profanity),"20,748",Winter 2015,Saturdays at 00:30 (JST),Shounen
Gintama: Yorinuki Gintama-san on Theater 2D,,8.43,3343,168,44,Movie,2,Finished Airing,"Aug 26, 2012","None found, add some","None found, add some",Sunrise,Manga,"Action, Comedy, Sci-Fi","Gag Humor, Historical, Parody, Samurai",1 hr. 36 min. per ep.,PG-13 - Teens 13 or older,45,,,Shounen
Grand Blue,Grand Blue Dreaming,8.43,244,169,785,TV,12,Finished Airing,"Jul 14, 2018 to Sep 29, 2018","Mainichi Broadcasting System,       Kodansha,       NBCUniversal Entertainment Japan,       Avex Pictures,       Q-Tec,       JR East Marketing & Communications,       GYAO!","None found, add some",Zero-G,Manga,Comedy,Adult Cast,24 min. per ep.,PG-13 - Teens 13 or older,"19,781",Summer 2018,Saturdays at 02:55 (JST),Seinen
Wu Liuqi: Xuanwu Guo Pian,Scissor Seven (2021),8.43,2747,170,64,ONA,10,Finished Airing,"Jan 21, 2021 to May 5, 2021",AHA Entertainment,"None found, add some",Sharefun Studio,Original,"Action, Adventure, Comedy, Drama, Mystery","Martial Arts, Super Power",16 min. per ep.,R - 17+ (violence & profanity),809,,,
Mushishi Zoku Shou: Odoro no Michi,Mushi-shi Path of Thorns,8.43,2064,166,102,TV Special,1,Finished Airing,"Aug 20, 2014","Aniplex,       Kodansha,       Delfi Sound",Aniplex of America,Artland,Manga,"Adventure, Mystery, Slice of Life, Supernatural","Adult Cast, Historical, Iyashikei",47 min.,PG-13 - Teens 13 or older,122,,,Seinen
Kono Subarashii Sekai ni Shukufuku wo! Movie: Kurenai Densetsu,KonoSuba: God's Blessing on This Wonderful World! - Legend of Crimson,8.43,243,165,788,Movie,1,Finished Airing,"Aug 30, 2019","Half H.P Studio,       Nippon Columbia,       Toranoana,       MAGES.,       81 Produce,       Sammy,       Kadokawa Media House,       Kadokawa,       Sony Music Solutions","None found, add some",J.C.Staff,Light novel,"Adventure, Comedy, Fantasy","Isekai, Parody",1 hr. 30 min.,PG-13 - Teens 13 or older,"4,900",,,
Re:Zero kara Hajimeru Isekai Seikatsu 2nd Season Part 2,Re:ZERO -Starting Life in Another World- Season 2 Part 2,8.43,192,167,895,TV,12,Finished Airing,"Jan 6, 2021 to Mar 24, 2021","AT-X,       Memory-Tech,       Hakuhodo DY Music & Pictures,       Kadokawa Media House,       Kadokawa","None found, add some",White Fox,Light novel,"Drama, Fantasy, Suspense","Isekai, Psychological, Time Travel",29 min. per ep.,R - 17+ (violence & profanity),"12,508",Winter 2021,Wednesdays at 22:30 (JST),
Koukaku Kidoutai: Stand Alone Complex,Ghost in the Shell: Stand Alone Complex,8.42,580,173,398,TV,26,Finished Airing,"Oct 1, 2002 to Oct 1, 2003","Bandai Visual,       Dentsu,       Victor Entertainment,       Animax,       Kodansha,       Trilogy Future Studio,       Tokuma Shoten,       Nippon Television Network","Bandai Entertainment,       Manga Entertainment",Production I.G,Manga,"Action, Award Winning, Mystery, Sci-Fi","Adult Cast, Detective, Mecha, Military",25 min. per ep.,R - 17+ (violence & profanity),"8,603",Fall 2002,Fridays at 15:30 (JST),Seinen
Kono Oto Tomare! Part 2,Kono Oto Tomare!: Sounds of Life Season 2,8.42,1346,172,179,TV,13,Finished Airing,"Oct 6, 2019 to Dec 29, 2019","WOWOW,       Movic,       KlockWorx,       Memory-Tech,       King Records,       Shueisha,       Pony Canyon Enterprises",Funimation,Platinum Vision,Manga,Drama,"Music, School",23 min. per ep.,PG-13 - Teens 13 or older,"1,715",Fall 2019,Sundays at 01:00 (JST),Shounen
Mononoke,,8.42,728,174,330,TV,12,Finished Airing,"Jul 13, 2007 to Sep 28, 2007","Dentsu,       SKY Perfect Well Think,       Fuji TV,       Asmik Ace,       Sony Music Entertainment",Discotek Media,Toei Animation,Original,"Horror, Mystery, Supernatural, Suspense","Adult Cast, Historical, Mythology, Psychological",22 min. per ep.,R - 17+ (violence & profanity),"8,371",Summer 2007,Fridays at 00:45 (JST),
Hunter x Hunter,,8.42,371,176,595,TV,62,Finished Airing,"Oct 16, 1999 to Mar 31, 2001",Fuji TV,VIZ Media,Nippon Animation,Manga,"Action, Adventure, Fantasy",,23 min. per ep.,PG-13 - Teens 13 or older,"11,060",Fall 1999,Saturdays at 18:00 (JST),Shounen
Saenai Heroine no Sodatekata Fine,Saekano the Movie: Finale,8.42,1304,175,184,Movie,1,Finished Airing,"Oct 26, 2019",Aniplex,"None found, add some",CloverWorks,Light novel,"Comedy, Romance","Harem, Otaku Culture, School",1 hr. 54 min.,PG-13 - Teens 13 or older,"2,586",,,
Tian Guan Cifu,Heaven Official's Blessing,8.42,1567,171,147,ONA,11,Finished Airing,"Oct 31, 2020 to Jan 2, 2021",bilibili,Funimation,Haoliners Animation League,Web novel,"Action, Adventure, Drama, Fantasy","Historical, Mythology",26 min. per ep.,PG-13 - Teens 13 or older,"5,483",,,
Shingeki no Kyojin: Kuinaki Sentaku,Attack on Titan: No Regrets,8.41,429,177,520,OVA,2,Finished Airing,"Dec 9, 2014 to Apr 9, 2015",Production I.G,Funimation,Wit Studio,Visual novel,Action,,27 min. per ep.,R - 17+ (violence & profanity),"1,966",,,
Violet Evergarden Gaiden: Eien to Jidou Shuki Ningyou,Violet Evergarden: Eternity and the Auto Memory Doll,8.41,542,178,426,Movie,1,Finished Airing,"Sep 6, 2019","Shochiku,       ABC Animation",Funimation,Kyoto Animation,Light novel,"Drama, Fantasy",,1 hr. 31 min.,PG-13 - Teens 13 or older,"1,579",,,
Yuru Camp△ Movie,Laid-Back Camp: The Movie,8.41,2397,179,80,Movie,1,Finished Airing,"Jul 1, 2022","Sotsu,       Half H.P Studio,       AT-X,       KlockWorx,       Houbunsha,       MAGES.,       81 Produce,       BS11,       DeNA,       FuRyu,       Sony Music Solutions","None found, add some",C-Station,Manga,Slice of Life,"Adult Cast, CGDCT, Iyashikei",2 hr.,PG-13 - Teens 13 or older,451,,,
Natsume Yuujinchou Movie: Utsusemi ni Musubu,Natsume's Book of Friends Movie: Ephemeral Bond,8.41,2541,181,73,Movie,1,Finished Airing,"Sep 29, 2018",Aniplex,Aniplex of America,Shuka,Manga,"Slice of Life, Supernatural","Iyashikei, Mythology",1 hr. 44 min.,PG-13 - Teens 13 or older,197,,,Shoujo
Kaguya-sama wa Kokurasetai: Tensai-tachi no Renai Zunousen,Kaguya-sama: Love is War,8.41,51,180,1,TV,12,Finished Airing,"Jan 12, 2019 to Mar 30, 2019","Aniplex,       Mainichi Broadcasting System,       Magic Capsule,       Shueisha,       JR East Marketing & Communications",Aniplex of America,A-1 Pictures,Manga,Comedy,"Psychological, Romantic Subtext, School",25 min. per ep.,PG-13 - Teens 13 or older,"39,762",Winter 2019,Saturdays at 23:30 (JST),Seinen
Saiki Kusuo no Ψ-nan 2,The Disastrous Life of Saiki K. 2,8.41,331,183,646,TV,24,Finished Airing,"Jan 17, 2018 to Jun 27, 2018","TV Tokyo,       Shogakukan-Shueisha Productions,       Nippon Columbia,       KlockWorx,       Asmik Ace,       Bandai Namco Entertainment,       Shueisha,       Toy's Factory,       Dear Stage inc.","None found, add some","J.C.Staff,       Egg Firm",Manga,"Comedy, Supernatural","Gag Humor, School, Super Power",24 min. per ep.,PG-13 - Teens 13 or older,"4,201",Winter 2018,Wednesdays at 01:35 (JST),Shounen
Saiki Kusuo no Ψ-nan,The Disastrous Life of Saiki K.,8.41,136,182,1,TV,120,Finished Airing,"Jul 4, 2016 to Dec 26, 2016","TV Tokyo,       Shogakukan-Shueisha Productions,       Pony Canyon,       Nippon Columbia,       KlockWorx,       Asmik Ace,       Bandai Namco Entertainment,       Shueisha,       Toy's Factory,       Dear Stage inc.",Funimation,"J.C.Staff,       Egg Firm",Manga,"Comedy, Supernatural","Gag Humor, School, Super Power",5 min. per ep.,PG-13 - Teens 13 or older,"29,856",Summer 2016,Not scheduled once per week,Shounen
Kamisama Hajimemashita: Kako-hen,,8.4,1407,184,169,OVA,4,Finished Airing,"Aug 20, 2015 to Aug 19, 2016","None found, add some","None found, add some",TMS Entertainment,Manga,"Comedy, Fantasy, Romance","Mythology, Time Travel",30 min. per ep.,PG-13 - Teens 13 or older,"1,038",,,Shoujo
Karakai Jouzu no Takagi-san 3,Teasing Master Takagi-san 3,8.4,1281,185,188,TV,12,Finished Airing,"Jan 8, 2022 to Mar 26, 2022","Shogakukan-Shueisha Productions,       Magic Capsule,       Asmik Ace,       TOHO animation,       Shogakukan,       Toho Music",Sentai Filmworks,Shin-Ei Animation,Manga,Comedy,"Romantic Subtext, School",24 min. per ep.,PG-13 - Teens 13 or older,"2,326",Winter 2022,Saturdays at 01:25 (JST),Shounen
Natsume Yuujinchou Roku Specials,Natsume's Book of Friends Season 6 Specials,8.4,3218,187,47,Special,2,Finished Airing,"Sep 27, 2017 to Oct 25, 2017",NAZ,"None found, add some",Shuka,Manga,"Slice of Life, Supernatural","Iyashikei, Mythology",23 min. per ep.,PG-13 - Teens 13 or older,76,,,Shoujo
Major S5,,8.4,2586,186,71,TV,25,Finished Airing,"Jan 10, 2009 to Jun 27, 2009","Shogakukan-Shueisha Productions,       NHK","None found, add some",SynergySP,Manga,Sports,Team Sports,24 min. per ep.,PG-13 - Teens 13 or older,635,Winter 2009,Unknown,Shounen
Doupo Cangqiong: Nian Fan,Fights Break Sphere 5th Season,8.4,7501,188,6,ONA,104,Currently Airing,"Jul 31, 2022 to ?","Tencent Penguin Pictures,       China Literature Limited,       Wanda Media","None found, add some",Motion Magic,Novel,"Action, Adventure, Fantasy",Martial Arts,24 min. per ep.,PG-13 - Teens 13 or older,218,,,
Vivy: Fluorite Eye's Song,Vivy -Fluorite Eye's Song-,8.4,413,190,541,TV,13,Finished Airing,"Apr 3, 2021 to Jun 19, 2021",Aniplex,Aniplex of America,Wit Studio,Original,"Action, Sci-Fi, Suspense","Music, Time Travel",24 min. per ep.,R - 17+ (violence & profanity),"10,749",Spring 2021,Saturdays at 23:30 (JST),
Fruits Basket: Prelude,,8.4,1979,189,108,Movie,1,Finished Airing,"Feb 18, 2022","TV Tokyo,       TV Osaka,       Funimation,       Nihon Ad Systems,       Hakusensha,       Avex Pictures,       8PAN",Crunchyroll,TMS Entertainment,Manga,"Drama, Romance",,1 hr. 28 min.,PG-13 - Teens 13 or older,816,,,Shoujo
Gintama°: Aizome Kaori-hen,Gintama: Love Incense Arc,8.39,2299,192,86,OVA,2,Finished Airing,"Aug 4, 2016 to Nov 4, 2016","TV Tokyo,       Dentsu","None found, add some",Bandai Namco Pictures,Manga,Comedy,"Gag Humor, Parody",26 min. per ep.,PG-13 - Teens 13 or older,140,,,Shounen
Houseki no Kuni,Land of the Lustrous,8.39,488,193,465,TV,12,Finished Airing,"Oct 7, 2017 to Dec 23, 2017","Mainichi Broadcasting System,       Kodansha,       Movic,       AT-X,       TOHO animation,       Tokyo MX,       Q-Tec,       Kyoraku Industrial Holdings,       BS11",Sentai Filmworks,Orange,Manga,"Action, Drama, Fantasy, Mystery",Anthropomorphic,24 min. per ep.,PG-13 - Teens 13 or older,"13,631",Fall 2017,Saturdays at 21:30 (JST),Seinen
Sayonara no Asa ni Yakusoku no Hana wo Kazarou,Maquia: When the Promised Flower Blooms,8.39,525,191,436,Movie,1,Finished Airing,"Feb 24, 2018","Bandai Visual,       Lantis,       Rakuonsha,       Showgate,       Hakuhodo DY Music & Pictures,       Cygames",Eleven Arts,P.A. Works,Original,"Drama, Fantasy",,1 hr. 54 min.,PG-13 - Teens 13 or older,"7,624",,,
Josee to Tora to Sakana-tachi,"Josee, the Tiger and the Fish",8.39,532,194,431,Movie,1,Finished Airing,"Dec 25, 2020","Shochiku,       Kadokawa,       Sonilude,       Movie Walker",Funimation,Bones,Novel,"Drama, Romance","Adult Cast, Visual Arts",1 hr. 38 min.,PG-13 - Teens 13 or older,"6,190",,,
Kara no Kyoukai Movie 7: Satsujin Kousatsu (Go),The Garden of Sinners Chapter 7: A Study in Murder - Part 2,8.38,1174,200,208,Movie,1,Finished Airing,"Aug 8, 2009",Notes,Aniplex of America,ufotable,Light novel,"Action, Mystery, Romance, Supernatural, Suspense",,2 hr. 1 min.,R - 17+ (violence & profanity),"2,305",,,
Kaze ga Tsuyoku Fuiteiru,Run with the Wind,8.38,802,201,303,TV,23,Finished Airing,"Oct 3, 2018 to Mar 27, 2019","Movic,       Nippon Television Network,       TOHO animation,       Toy's Factory,       Cygames,       Yomiuri Shimbun,       MediaLink Entertainment Limited",Sentai Filmworks,Production I.G,Novel,"Drama, Sports","Adult Cast, Racing",23 min. per ep.,PG-13 - Teens 13 or older,"6,070",Fall 2018,Wednesdays at 01:29 (JST),
3-gatsu no Lion,March Comes In Like a Lion,8.38,299,195,681,TV,22,Finished Airing,"Oct 8, 2016 to Mar 18, 2017","Aniplex,       Dentsu,       NHK,       Hakusensha,       Asmik Ace,       Toy's Factory",Aniplex of America,Shaft,Manga,Drama,"Childcare, Strategy Game",25 min. per ep.,PG-13 - Teens 13 or older,"15,679",Fall 2016,Saturdays at 23:00 (JST),Seinen
Blue Giant,,8.38,4318,196,26,Movie,1,Finished Airing,"Feb 17, 2023","TOHO animation,       Shogakukan",GKIDS,Nut,Manga,,Music,1 hr. 59 min.,PG-13 - Teens 13 or older,233,,,Seinen
Chihayafuru 2,,8.38,1031,197,237,TV,25,Finished Airing,"Jan 12, 2013 to Jun 29, 2013","VAP,       Nippon Television Network",Sentai Filmworks,Madhouse,Manga,"Drama, Sports","Love Polygon, School, Strategy Game",22 min. per ep.,PG-13 - Teens 13 or older,"1,633",Winter 2013,Unknown,Josei
Tensei shitara Slime Datta Ken 2nd Season,That Time I Got Reincarnated as a Slime Season 2,8.38,162,199,967,TV,12,Finished Airing,"Jan 12, 2021 to Mar 30, 2021",Kodansha,Funimation,8bit,Manga,"Action, Adventure, Comedy, Fantasy","Isekai, Reincarnation",23 min. per ep.,PG-13 - Teens 13 or older,"10,775",Winter 2021,Tuesdays at 23:00 (JST),Shounen
Made in Abyss Movie 2: Hourou Suru Tasogare,Made in Abyss: Wandering Twilight,8.37,1639,202,139,Movie,1,Finished Airing,"Jan 18, 2019","AT-X,       Takeshobo,       Sony Music Communications,       Kadokawa Media House,       Cygames,       Kanetsu Investment,       Kadokawa,       Global Solutions,       IRMA LA DOUCE",Sentai Filmworks,Kinema Citrus,Web manga,"Adventure, Drama, Fantasy, Mystery, Sci-Fi",Gore,1 hr. 45 min.,R - 17+ (violence & profanity),253,,,
Cowboy Bebop: Tengoku no Tobira,Cowboy Bebop: The Movie,8.38,619,198,380,Movie,1,Finished Airing,"Sep 1, 2001","Sunrise,       Bandai Visual","Sony Pictures Entertainment,       Funimation",Bones,Original,"Action, Sci-Fi","Adult Cast, Space",1 hr. 55 min.,R - 17+ (violence & profanity),"1,598",,,
Mahou Shoujo Madoka★Magica,Puella Magi Madoka Magica,8.37,103,203,1,TV,12,Finished Airing,"Jan 7, 2011 to Apr 22, 2011","Aniplex,       Mainichi Broadcasting System,       Movic,       Nitroplus,       Houbunsha",Aniplex of America,Shaft,Original,"Award Winning, Drama, Fantasy, Suspense","Mahou Shoujo, Psychological",24 min. per ep.,PG-13 - Teens 13 or older,"55,441",Winter 2011,Fridays at 01:25 (JST),
Mahou Shoujo Madoka★Magica Movie 2: Eien no Monogatari,Puella Magi Madoka Magica the Movie Part 2: Eternal,8.37,1187,204,204,Movie,1,Finished Airing,"Oct 13, 2012","Aniplex,       Mainichi Broadcasting System,       Movic,       Nitroplus,       Houbunsha",Aniplex of America,Shaft,Original,"Drama, Fantasy, Suspense","Mahou Shoujo, Psychological",1 hr. 49 min.,PG-13 - Teens 13 or older,"1,068",,,
Mushoku Tensei: Isekai Ittara Honki Dasu,Mushoku Tensei: Jobless Reincarnation,8.37,101,205,1,TV,11,Finished Airing,"Jan 11, 2021 to Mar 22, 2021","Frontier Works,       TOHO,       TOHO animation,       Hakuhodo DY Music & Pictures,       BS11,       Egg Firm,       Kadokawa,       GREE,       Toho Music",Funimation,Studio Bind,Light novel,"Adventure, Drama, Fantasy, Ecchi","Isekai, Reincarnation",23 min. per ep.,R - 17+ (violence & profanity),"34,217",Winter 2021,Mondays at 00:00 (JST),
Ramayana: The Legend of Prince Rama,,8.37,6091,207,11,Movie,1,Finished Airing,"Jan 15, 1993","TEM Co., Ltd.","None found, add some",Nippon Ramayana Film Co.,Other,Adventure,,2 hr. 15 min.,G - All Ages,211,,,
Non Non Biyori Nonstop,,8.37,1770,206,125,TV,12,Finished Airing,"Jan 11, 2021 to Mar 29, 2021","TV Tokyo,       Lantis,       AT-X,       Kadokawa,       Bandai Namco Arts,       Bit grooove promotion,       Sony Music Solutions",Sentai Filmworks,SILVER LINK.,Manga,Slice of Life,"CGDCT, Iyashikei",24 min. per ep.,PG-13 - Teens 13 or older,950,Winter 2021,Mondays at 01:35 (JST),Seinen
Barakamon,,8.37,311,208,666,TV,12,Finished Airing,"Jul 6, 2014 to Sep 28, 2014","VAP,       Nippon Television Network",Funimation,Kinema Citrus,Web manga,Slice of Life,"Childcare, Iyashikei, Visual Arts",22 min. per ep.,PG-13 - Teens 13 or older,"12,949",Summer 2014,Sundays at 02:20 (JST),
Cross Game,,8.37,1781,209,125,TV,50,Finished Airing,"Apr 5, 2009 to Mar 28, 2010","TV Tokyo,       Shogakukan-Shueisha Productions","None found, add some",SynergySP,Manga,"Drama, Romance, Sports","School, Team Sports",23 min. per ep.,PG-13 - Teens 13 or older,"3,038",Spring 2009,Sundays at 10:00 (JST),Shounen
Baccano!,,8.36,190,210,909,TV,13,Finished Airing,"Jul 27, 2007 to Nov 2, 2007","Aniplex,       Movic","Funimation,       Aniplex of America",Brain's Base,Light novel,"Action, Mystery, Supernatural","Adult Cast, Historical, Organized Crime",24 min. per ep.,R - 17+ (violence & profanity),"23,244",Summer 2007,Fridays at 00:30 (JST),
Haikyuu!! To the Top,Haikyu!! To the Top,8.36,173,211,944,TV,13,Finished Airing,"Jan 11, 2020 to Apr 4, 2020","Dentsu,       Mainichi Broadcasting System,       Movic,       Sony Music Entertainment,       TOHO animation,       Shueisha",Sentai Filmworks,Production I.G,Manga,Sports,"School, Team Sports",24 min. per ep.,PG-13 - Teens 13 or older,"5,270",Winter 2020,Saturdays at 01:25 (JST),Shounen
Wu Shan Wu Xing: Xichuan Huan Zi Lin,Fog Hill of Five Elements,8.35,5909,224,12,ONA,4,Finished Airing,"Jul 26, 2023 to Aug 16, 2023","bilibili,       Nice Boat Animation","None found, add some",Samsara Animation Studio,Original,"Action, Fantasy, Supernatural","Historical, Martial Arts",38 min. per ep.,R - 17+ (violence & profanity),89,,,
Kage no Jitsuryokusha ni Naritakute! 2nd Season,The Eminence in Shadow Season 2,8.36,656,212,361,TV,12,Finished Airing,"Oct 4, 2023 to Dec 20, 2023","AT-X,       Magic Capsule,       BS NTV,       Kadokawa,       NewGin,       Aiming",Sentai Filmworks,Nexus,Light novel,"Action, Comedy, Fantasy","Isekai, Reincarnation",23 min. per ep.,R - 17+ (violence & profanity),"4,433",Fall 2023,Wednesdays at 22:30 (JST),
Kimetsu no Yaiba: Mugen Ressha-hen,Demon Slayer: Kimetsu no Yaiba Mugen Train Arc,8.36,257,213,765,TV,7,Finished Airing,"Oct 10, 2021 to Nov 28, 2021","Aniplex,       Shueisha","None found, add some",ufotable,Manga,"Action, Fantasy",Historical,24 min. per ep.,R - 17+ (violence & profanity),"4,278",Fall 2021,Sundays at 23:15 (JST),Shounen
Kizumonogatari I: Tekketsu-hen,Kizumonogatari Part 1: Iron-Blooded,8.36,421,214,533,Movie,1,Finished Airing,"Jan 8, 2016","Aniplex,       Kodansha",Aniplex of America,Shaft,Light novel,"Action, Mystery, Supernatural",Vampire,1 hr. 4 min.,R - 17+ (violence & profanity),"3,655",,,
Mushoku Tensei II: Isekai Ittara Honki Dasu Part 2,Mushoku Tensei: Jobless Reincarnation Season 2 Part 2,8.36,825,215,297,TV,12,Currently Airing,"Apr 8, 2024 to ?","Frontier Works,       TOHO animation,       Hakuhodo DY Music & Pictures,       BS11,       Egg Firm,       Kadokawa,       GREE Entertainment","None found, add some",Studio Bind,Light novel,"Adventure, Drama, Fantasy, Ecchi","Isekai, Reincarnation",23 min. per ep.,R - 17+ (violence & profanity),"2,030",Spring 2024,Mondays at 00:00 (JST),
K-On! Movie,K-ON! The Movie,8.35,722,216,332,Movie,1,Finished Airing,"Dec 3, 2011","Pony Canyon,       Animation Do",Sentai Filmworks,Kyoto Animation,4-koma manga,"Award Winning, Comedy","CGDCT, Music",1 hr. 50 min.,PG-13 - Teens 13 or older,"2,807",,,
Kaze no Tani no Nausicaä,Nausicaä of the Valley of the Wind,8.35,620,217,380,Movie,1,Finished Airing,"Mar 11, 1984","None found, add some","Disney Platform Distribution,       GKIDS",Topcraft,Manga,"Adventure, Award Winning, Fantasy",,1 hr. 57 min.,PG-13 - Teens 13 or older,"5,372",,,
Meitantei Conan Movie 26: Kurogane no Submarine,Detective Conan Movie 26: Black Iron Submarine,8.35,5887,218,12,Movie,1,Finished Airing,"Apr 14, 2023","Shogakukan-Shueisha Productions,       Yomiuri Telecasting,       TOHO,       Nippon Television Network,       Shogakukan","None found, add some",TMS Entertainment,Manga,"Action, Mystery",Detective,1 hr. 49 min.,PG-13 - Teens 13 or older,97,,,Shounen
Fumetsu no Anata e,To Your Eternity,8.35,199,219,875,TV,20,Finished Airing,"Apr 12, 2021 to Aug 30, 2021","NHK,       Kodansha,       NHK Enterprises",VIZ Media,Brain's Base,Manga,"Adventure, Drama, Supernatural",,25 min. per ep.,R - 17+ (violence & profanity),"14,514",Spring 2021,Mondays at 22:50 (JST),Shounen
Gintama: Shiroyasha Koutan,Gintama: Jump Festa 2008 Special,8.35,2606,220,70,Special,1,Finished Airing,"Sep 21, 2008","None found, add some","None found, add some",Sunrise,Manga,"Action, Comedy, Sci-Fi","Historical, Parody",10 min.,PG-13 - Teens 13 or older,94,,,
Initial D First Stage,,8.35,605,222,387,TV,26,Finished Airing,"Apr 19, 1998 to Dec 6, 1998","OB Planning,       Fuji TV","Funimation,       Tokyopop","Gallop,       Studio Comet",Manga,"Action, Drama",Racing,25 min. per ep.,PG-13 - Teens 13 or older,"12,423",Spring 1998,Tuesdays at 00:00 (JST),Seinen
Hellsing Ultimate,,8.35,176,221,936,OVA,10,Finished Airing,"Feb 10, 2006 to Dec 26, 2012","GDH,       Geneon Entertainment USA,       Shounen Gahousha",Funimation,"Madhouse,       Satelight,       Graphinica",Manga,"Action, Horror, Supernatural","Adult Cast, Gore, Military, Vampire",49 min. per ep.,R - 17+ (violence & profanity),"22,063",,,Seinen
Shinseiki Evangelion,Neon Genesis Evangelion,8.35,45,223,1,TV,26,Finished Airing,"Oct 4, 1995 to Mar 27, 1996","TV Tokyo,       Kadokawa Shoten,       Nihon Ad Systems,       Audio Tanaka",GKIDS,"Gainax,       Tatsunoko Production",Original,"Action, Avant Garde, Award Winning, Drama, Sci-Fi, Suspense","Mecha, Psychological",24 min. per ep.,PG-13 - Teens 13 or older,"106,742",Fall 1995,Wednesdays at 18:30 (JST),
Yahari Ore no Seishun Love Comedy wa Machigatteiru. Kan,My Teen Romantic Comedy SNAFU Climax!,8.35,271,225,734,TV,12,Finished Airing,"Jul 10, 2020 to Sep 25, 2020","Marvelous Entertainment,       TBS,       Movic,       Delfi Sound,       NBCUniversal Entertainment Japan",Sentai Filmworks,feel.,Light novel,"Comedy, Romance","Love Polygon, School",24 min. per ep.,PG-13 - Teens 13 or older,"14,114",Summer 2020,Fridays at 01:58 (JST),
Usagi Drop,Bunny Drop,8.34,449,227,498,TV,11,Finished Airing,"Jul 8, 2011 to Sep 16, 2011","Dentsu,       Fuji TV,       TOHO,       Tohokushinsha Film Corporation,       Sony Music Entertainment,       Sakura Create,       Fujipacific Music,       Shodensha","NIS America, Inc.",Production I.G,Manga,Slice of Life,"Childcare, Iyashikei",22 min. per ep.,PG-13 - Teens 13 or older,"5,969",Summer 2011,Fridays at 00:45 (JST),Josei
IDOLiSH7 Third Beat! Part 2,,8.34,5560,231,14,TV,17,Finished Airing,"Oct 2, 2022 to Feb 26, 2023","None found, add some","None found, add some",TROYCA,Game,Drama,"Idols (Male), Music",24 min. per ep.,PG-13 - Teens 13 or older,236,Fall 2022,Sundays at 22:30 (JST),
"Violet Evergarden: Kitto ""Ai"" wo Shiru Hi ga Kuru no Darou","Violet Evergarden: The Day You Understand ""I Love You"" Will Surely Come",8.34,714,228,334,Special,1,Finished Airing,"Jul 4, 2018","Lantis,       Pony Canyon,       Rakuonsha,       ABC Animation","None found, add some",Kyoto Animation,Light novel,"Drama, Fantasy",,34 min.,PG-13 - Teens 13 or older,904,,,
Tunshi Xingkong 3rd Season,Swallowed Star 3rd Season,8.34,11289,226,2,ONA,33,Finished Airing,"Sep 14, 2022 to Apr 26, 2023","Tencent Animation & Comics,       Tencent Penguin Pictures","None found, add some",Sparkly Key Animation Studio,Novel,"Action, Adventure, Fantasy, Sci-Fi",Martial Arts,21 min. per ep.,PG-13 - Teens 13 or older,25,,,
Bakuman. 2nd Season,Bakuman. Season 2,8.34,671,229,355,TV,25,Finished Airing,"Oct 1, 2011 to Mar 24, 2012","NHK,       Shueisha",Media Blasters,J.C.Staff,Manga,"Comedy, Drama, Romance",Otaku Culture,24 min. per ep.,PG-13 - Teens 13 or older,"1,382",Fall 2011,Saturdays at 17:30 (JST),Shounen
Dr. Stone: New World Part 2,,8.34,891,230,275,TV,11,Finished Airing,"Oct 12, 2023 to Dec 21, 2023","TOHO animation,       Shueisha","None found, add some",TMS Entertainment,Manga,"Adventure, Comedy, Sci-Fi",,23 min. per ep.,PG-13 - Teens 13 or older,"1,324",Fall 2023,Thursdays at 22:30 (JST),Shounen
Girls & Panzer: Saishuushou Part 4,Girls und Panzer das Finale – Part 4,8.33,5222,232,16,Movie,1,Finished Airing,"Oct 6, 2023","Bandai Visual,       Lantis,       Movic,       Q-Tec,       Hakuhodo DY Music & Pictures",Sentai Filmworks,Actas,Original,,"CGDCT, Military, School",54 min.,PG-13 - Teens 13 or older,77,,,
Kidou Senshi Gundam: The Origin,Mobile Suit Gundam: The Origin,8.33,2513,233,74,OVA,6,Finished Airing,"Feb 28, 2015 to May 5, 2018",Sotsu,"Nozomi Entertainment,       NYAV Post",Sunrise,Manga,"Action, Sci-Fi","Mecha, Military, Space",1 hr. 11 min. per ep.,R+ - Mild Nudity,887,,,Shounen
One Outs,,8.33,1015,236,240,TV,25,Finished Airing,"Oct 8, 2008 to Apr 1, 2009","VAP,       Nippon Television Network,       D.N. Dream Partners","None found, add some",Madhouse,Manga,"Sports, Suspense","Adult Cast, Psychological, Team Sports",23 min. per ep.,PG-13 - Teens 13 or older,"4,084",Fall 2008,Unknown,Seinen
Kiseijuu: Sei no Kakuritsu,Parasyte: The Maxim,8.33,42,234,1,TV,24,Finished Airing,"Oct 9, 2014 to Mar 26, 2015","VAP,       Nippon Television Network,       Forecast Communications",Sentai Filmworks,Madhouse,Manga,"Action, Horror, Sci-Fi, Suspense","Gore, Psychological",23 min. per ep.,R - 17+ (violence & profanity),"34,911",Fall 2014,Thursdays at 01:29 (JST),Seinen
Natsume Yuujinchou: Itsuka Yuki no Hi ni,Natsume’s Book of Friends: On a Certain Snowy Day,8.33,2398,235,80,OVA,1,Finished Airing,"Feb 5, 2014","Aniplex,       Nihon Ad Systems","None found, add some",Brain's Base,Manga,"Slice of Life, Supernatural","Iyashikei, Mythology",22 min.,PG-13 - Teens 13 or older,109,,,Shoujo
Psycho-Pass,,8.33,62,237,1,TV,22,Finished Airing,"Oct 12, 2012 to Mar 22, 2013","Dentsu,       Fuji TV,       Nitroplus,       Sony Music Entertainment,       TOHO animation,       Kyoraku Industrial Holdings",Funimation,Production I.G,Original,"Action, Mystery, Sci-Fi, Suspense","Adult Cast, Detective, Psychological",23 min. per ep.,R - 17+ (violence & profanity),"38,955",Fall 2012,Fridays at 00:45 (JST),
Re:Zero kara Hajimeru Isekai Seikatsu 2nd Season,Re:ZERO -Starting Life in Another World- Season 2,8.33,135,238,1,TV,13,Finished Airing,"Jul 8, 2020 to Sep 30, 2020","AT-X,       Memory-Tech,       Hakuhodo DY Music & Pictures,       Kadokawa Media House,       Kadokawa","None found, add some",White Fox,Light novel,"Drama, Fantasy, Suspense","Isekai, Psychological, Time Travel",26 min. per ep.,R - 17+ (violence & profanity),"11,636",Summer 2020,Wednesdays at 22:30 (JST),
Tensei shitara Slime Datta Ken 2nd Season Part 2,That Time I Got Reincarnated as a Slime Season 2 Part 2,8.33,251,239,771,TV,12,Finished Airing,"Jul 6, 2021 to Sep 21, 2021","Kodansha,       BS11,       Bandai Namco Arts,       Micro Magazine Publishing,       Bandai Spirits,       Sony Music Solutions,       ADK Marketing Solutions",Crunchyroll,8bit,Manga,"Action, Adventure, Comedy, Fantasy","Isekai, Reincarnation",23 min. per ep.,PG-13 - Teens 13 or older,"10,906",Summer 2021,Tuesdays at 23:00 (JST),Shounen
Versailles no Bara,The Rose of Versailles,8.33,2104,240,99,TV,40,Finished Airing,"Oct 10, 1979 to Sep 3, 1980",Nippon Television Network,"Nozomi Entertainment,       Discotek Media",Tokyo Movie Shinsha,Manga,"Drama, Romance","Historical, Military",24 min. per ep.,PG-13 - Teens 13 or older,"3,028",Fall 1979,Wednesdays at 19:00 (JST),Shoujo
Douluo Dalu 2nd Season,,8.32,4861,243,20,ONA,237,Finished Airing,"Dec 1, 2018 to Jun 10, 2023","Tencent Penguin Pictures,       Xuanshi Tangmen","None found, add some",Sparkly Key Animation Studio,Novel,"Action, Adventure, Fantasy, Supernatural","Historical, Martial Arts",20 min. per ep.,PG-13 - Teens 13 or older,438,,,
Uchuu Senkan Yamato 2199,Star Blazers: Space Battleship Yamato 2199,8.32,1883,241,116,OVA,26,Finished Airing,"May 25, 2012 to Oct 25, 2013","Production I.G,       Bandai Visual,       OLM,       Lantis,       Shochiku,       Bandai,       Tohokushinsha Film Corporation,       Bandai Namco Games,       Voyager Entertainment",Funimation,"Xebec,       AIC",Original,"Action, Drama, Sci-Fi","Adult Cast, Military, Space",25 min. per ep.,PG-13 - Teens 13 or older,"1,763",,,
Bakemonogatari,,8.32,91,242,1,TV,15,Finished Airing,"Jul 3, 2009 to Jun 25, 2010","Aniplex,       Kodansha",Aniplex of America,Shaft,Light novel,"Mystery, Romance, Supernatural",Vampire,25 min. per ep.,R - 17+ (violence & profanity),"49,119",Summer 2009,Fridays at 23:00 (JST),
Fate/stay night: Unlimited Blade Works 2nd Season,Fate/stay night [Unlimited Blade Works] Season 2,8.32,210,244,857,TV,13,Finished Airing,"Apr 5, 2015 to Jun 28, 2015","Aniplex,       Notes",Aniplex of America,ufotable,Visual novel,"Action, Fantasy, Supernatural",,24 min. per ep.,R - 17+ (violence & profanity),"9,251",Spring 2015,Sundays at 00:00 (JST),
Major S6,,8.32,2776,246,63,TV,25,Finished Airing,"Apr 3, 2010 to Sep 25, 2010","Shogakukan-Shueisha Productions,       NHK","None found, add some",SynergySP,Manga,Sports,Team Sports,24 min. per ep.,PG-13 - Teens 13 or older,474,Spring 2010,Unknown,Shounen
Hibike! Euphonium 2,Sound! Euphonium 2,8.32,1047,245,233,TV,13,Finished Airing,"Oct 6, 2016 to Dec 29, 2016","Lantis,       Pony Canyon,       Rakuonsha",Ponycan USA,Kyoto Animation,Novel,Drama,"Music, Performing Arts, School",23 min. per ep.,PG-13 - Teens 13 or older,"3,713",Fall 2016,Thursdays at 00:00 (JST),
Ore dake Level Up na Ken,Solo Leveling,8.32,310,248,668,TV,12,Finished Airing,"Jan 7, 2024 to Mar 31, 2024","Aniplex,       Crunchyroll,       Netmarble,       Kakao piccoma,       D&C Media","None found, add some",A-1 Pictures,Web manga,"Action, Adventure, Fantasy",Adult Cast,23 min. per ep.,R - 17+ (violence & profanity),"12,867",Winter 2024,Sundays at 00:00 (JST),
Romeo no Aoi Sora,Romeo and the Black Brothers,8.32,3111,249,50,TV,33,Finished Airing,"Jan 15, 1995 to Dec 17, 1995","None found, add some","None found, add some",Nippon Animation,Novel,"Adventure, Drama",Historical,23 min. per ep.,PG-13 - Teens 13 or older,658,Winter 1995,Sundays at 19:30 (JST),
Natsume Yuujinchou Go Specials,Natsume's Book of Friends Season 5 Specials,8.32,3253,247,46,Special,2,Finished Airing,"Mar 30, 2017 to Apr 26, 2017","None found, add some","None found, add some",Shuka,Manga,"Slice of Life, Supernatural","Iyashikei, Mythology",23 min. per ep.,PG-13 - Teens 13 or older,58,,,Shoujo
Kingdom 2nd Season,Kingdom: Season 2,8.31,1752,250,128,TV,39,Finished Airing,"Jun 8, 2013 to Mar 2, 2014","NHK,       NHK Enterprises",Funimation,Pierrot,Manga,Action,"Historical, Military",25 min. per ep.,R - 17+ (violence & profanity),870,Summer 2013,Sundays at 23:45 (JST),Seinen
Luo Xiao Hei Zhan Ji (Movie),The Legend of Hei,8.31,4295,251,27,Movie,1,Finished Airing,"Sep 7, 2019","None found, add some","None found, add some",HMCH,Original,"Adventure, Drama, Fantasy",,1 hr. 41 min.,G - All Ages,381,,,
Natsume Yuujinchou,Natsume's Book of Friends,8.31,411,252,543,TV,13,Finished Airing,"Jul 8, 2008 to Sep 30, 2008","Aniplex,       Nihon Ad Systems,       TV Tokyo Music,       Sony Music Entertainment","NIS America, Inc.,       Crunchyroll",Brain's Base,Manga,"Slice of Life, Supernatural","Iyashikei, Mythology",24 min. per ep.,PG-13 - Teens 13 or older,"15,826",Summer 2008,Tuesdays at 01:00 (JST),Shoujo
NHK ni Youkoso!,Welcome to the N.H.K.,8.31,265,253,749,TV,24,Finished Airing,"Jul 10, 2006 to Dec 18, 2006","NHK,       Victor Entertainment","ADV Films,       Funimation",Gonzo,Novel,"Comedy, Drama, Romance, Suspense","Adult Cast, Otaku Culture, Psychological",23 min. per ep.,R+ - Mild Nudity,"26,909",Summer 2006,Unknown,
Ookami to Koushinryou II,Spice and Wolf II,8.31,454,254,496,TV,12,Finished Airing,"Jul 9, 2009 to Sep 24, 2009","Imagin,       Pony Canyon,       Movic,       Kadokawa Pictures Japan,       flying DOG,       ASCII Media Works",Funimation,"Brain's Base,       Marvy Jack",Light novel,"Adventure, Drama, Fantasy, Romance",Adult Cast,23 min. per ep.,PG-13 - Teens 13 or older,"4,286",Summer 2009,Thursdays at 01:15 (JST),
Sasaki to Miyano Movie: Sotsugyou-hen,Sasaki and Miyano: Graduation,8.31,3384,255,43,Movie,1,Finished Airing,"Feb 17, 2023","Frontier Works,       Movic,       Nippon Columbia,       U-NEXT,       BS NTV,       Kadokawa,       TVA advance ,       Cinema Sunshine","None found, add some",Studio Deen,Manga,Boys Love,"Otaku Culture, School",51 min.,PG-13 - Teens 13 or older,329,,,
Ginga Eiyuu Densetsu: Die Neue These - Gekitotsu,Legend of the Galactic Heroes: Die Neue These - Collision,8.31,4746,256,21,Movie,12,Finished Airing,"Mar 4, 2022 to May 13, 2022","Shochiku,       Wright Staff,       Aiming","None found, add some",Production I.G,Novel,"Drama, Sci-Fi","Adult Cast, Military, Space",25 min. per ep.,R - 17+ (violence & profanity),122,,,
Given,,8.31,382,257,575,TV,11,Finished Airing,"Jul 12, 2019 to Sep 20, 2019","Aniplex,       Dentsu,       Movic,       Fuji TV,       Shinshokan","None found, add some",Lerche,Manga,"Boys Love, Drama","Music, School",22 min. per ep.,PG-13 - Teens 13 or older,"17,235",Summer 2019,Fridays at 00:55 (JST),
Hunter x Hunter: Original Video Animation,,8.31,1754,258,127,OVA,8,Finished Airing,"Jan 17, 2002 to Apr 17, 2002","None found, add some","None found, add some",Nippon Animation,Manga,"Action, Adventure, Fantasy",,24 min. per ep.,PG-13 - Teens 13 or older,415,,,Shounen
86,86 Eighty-Six,8.3,245,259,784,TV,11,Finished Airing,"Apr 11, 2021 to Jun 20, 2021","Aniplex,       Kadokawa,       Bandai Spirits","None found, add some",A-1 Pictures,Light novel,"Action, Drama, Sci-Fi","Mecha, Military",23 min. per ep.,R - 17+ (violence & profanity),"20,585",Spring 2021,Sundays at 00:00 (JST),
Ano Hi Mita Hana no Namae wo Bokutachi wa Mada Shiranai.,Anohana: The Flower We Saw That Day,8.3,66,260,1,TV,11,Finished Airing,"Apr 15, 2011 to Jun 24, 2011","Aniplex,       Dentsu,       Fuji TV,       Fujipacific Music","NIS America, Inc.,       Aniplex of America",A-1 Pictures,Original,"Drama, Supernatural",,22 min. per ep.,PG-13 - Teens 13 or older,"32,580",Spring 2011,Fridays at 01:15 (JST),
Ashita no Joe,Tomorrow's Joe,8.3,2191,261,93,TV,79,Finished Airing,"Apr 1, 1970 to Sep 29, 1971",Fuji TV,"None found, add some",Mushi Production,Manga,"Drama, Sports",Combat Sports,25 min. per ep.,PG-13 - Teens 13 or older,"2,010",Spring 1970,Wednesdays at 19:00 (JST),Shounen
Boku dake ga Inai Machi,Erased,8.3,28,262,2,TV,12,Finished Airing,"Jan 8, 2016 to Mar 25, 2016","Aniplex,       Dentsu,       Kadokawa Shoten,       Fuji TV,       DAX Production,       Kyoraku Industrial Holdings,       Kansai Telecasting,       Lawson,       Kanetsu Investment,       C-one",Aniplex of America,A-1 Pictures,Manga,"Mystery, Supernatural, Suspense","Psychological, Time Travel",23 min. per ep.,R - 17+ (violence & profanity),"48,440",Winter 2016,Fridays at 00:55 (JST),Seinen
Evangelion Movie 2: Ha,Evangelion: 2.0 You Can (Not) Advance,8.3,410,264,546,Movie,1,Finished Airing,"Jul 27, 2009","None found, add some",Funimation,Khara,Original,"Action, Drama, Sci-Fi, Suspense","Mecha, Psychological",1 hr. 52 min.,R+ - Mild Nudity,"3,462",,,
Diamond no Ace: Second Season,Ace of Diamond: Second Season,8.3,1643,263,138,TV,51,Finished Airing,"Apr 6, 2015 to Mar 28, 2016","TV Tokyo,       Sotsu,       Pony Canyon,       Kodansha,       AT-X","None found, add some","Production I.G,       Madhouse",Manga,Sports,"School, Team Sports",24 min. per ep.,PG-13 - Teens 13 or older,"1,072",Spring 2015,Mondays at 18:00 (JST),Shounen
Ginga Eiyuu Densetsu: Die Neue These - Sakubou,Legend of the Galactic Heroes: Die Neue These - Intrigue,8.3,5531,265,14,Movie,12,Finished Airing,"Sep 30, 2022 to Nov 25, 2022","Shochiku,       Wright Staff,       Aiming","None found, add some",Production I.G,Novel,"Drama, Sci-Fi","Adult Cast, Military, Space",25 min. per ep.,R - 17+ (violence & profanity),59,,,
Suzume no Tojimari,Suzume,8.3,658,266,361,Movie,1,Finished Airing,"Nov 11, 2022","Aniplex,       TOHO,       JR East Marketing & Communications,       Kadokawa,       voque ting,       STORY,       Lawson Entertainment",Crunchyroll,CoMix Wave Films,Original,"Adventure, Fantasy",Mythology,2 hr. 1 min.,PG-13 - Teens 13 or older,"4,583",,,
Katanagatari,,8.3,389,267,564,TV,12,Finished Airing,"Jan 26, 2010 to Dec 11, 2010","Aniplex,       Lantis,       Kodansha,       Movic,       Fuji TV","NIS America, Inc.",White Fox,Light novel,"Action, Adventure, Romance","Historical, Martial Arts",49 min. per ep.,R - 17+ (violence & profanity),"10,792",Winter 2010,Tuesdays at 01:10 (JST),
Kemono no Souja Erin,The Beast Player Erin,8.3,2290,268,87,TV,50,Finished Airing,"Jan 10, 2009 to Dec 26, 2009",NHK,"None found, add some","Production I.G,       Trans Arts",Novel,"Drama, Fantasy",,25 min. per ep.,PG-13 - Teens 13 or older,"1,481",Winter 2009,Unknown,
Kage no Jitsuryokusha ni Naritakute!,The Eminence in Shadow,8.29,327,270,651,TV,20,Finished Airing,"Oct 5, 2022 to Feb 15, 2023","AT-X,       BS NTV,       Kadokawa,       NewGin,       Aiming",Sentai Filmworks,Nexus,Light novel,"Action, Comedy, Fantasy","Isekai, Reincarnation",23 min. per ep.,R - 17+ (violence & profanity),"15,028",Fall 2022,Wednesdays at 22:30 (JST),
Kuroko no Basket 3rd Season,Kuroko's Basketball 3,8.29,256,271,766,TV,25,Finished Airing,"Jan 11, 2015 to Jun 30, 2015","Bandai Visual,       Lantis,       Nihon Ad Systems,       Banpresto,       Shueisha,       BS11","None found, add some",Production I.G,Manga,Sports,"School, Team Sports",24 min. per ep.,PG-13 - Teens 13 or older,"5,101",Winter 2015,Sundays at 01:58 (JST),Shounen
Sakamichi no Apollon,Kids on the Slope,8.3,602,269,387,TV,12,Finished Airing,"Apr 13, 2012 to Jun 29, 2012","Dentsu,       Fuji TV,       TOHO,       DAX Production,       Sony Music Entertainment",Sentai Filmworks,"Tezuka Productions,       MAPPA",Manga,"Drama, Romance","Historical, Love Polygon, Music, School",22 min. per ep.,PG-13 - Teens 13 or older,"7,000",Spring 2012,Fridays at 00:45 (JST),Josei
Meitantei Conan Movie 06: Baker Street no Bourei,Case Closed Movie 06: The Phantom of Baker Street,8.29,2439,272,78,Movie,1,Finished Airing,"Apr 20, 2002","None found, add some",Funimation,TMS Entertainment,Manga,"Adventure, Mystery",Detective,1 hr. 47 min.,PG-13 - Teens 13 or older,261,,,Shounen
Beck,Beck: Mongolian Chop Squad,8.29,688,273,343,TV,26,Finished Airing,"Oct 7, 2004 to Mar 31, 2005","Marvelous Entertainment,       Starchild Records,       Asatsu DK,       Kodansha",Funimation,Madhouse,Manga,"Comedy, Drama",Music,25 min. per ep.,R - 17+ (violence & profanity),"8,519",Fall 2004,Thursdays at 01:30 (JST),Shounen
Steins;Gate: Oukoubakko no Poriomania,Steins;Gate: Egoistic Poriomania,8.29,515,276,440,Special,1,Finished Airing,"Feb 22, 2012",Frontier Works,Funimation,White Fox,Visual novel,"Comedy, Sci-Fi",Time Travel,24 min.,PG-13 - Teens 13 or older,835,,,
Violet Evergarden: Recollections,,8.29,3986,277,31,Special,1,Finished Airing,"Oct 29, 2021","None found, add some","None found, add some",Kyoto Animation,Light novel,"Drama, Fantasy",,1 hr. 35 min.,PG-13 - Teens 13 or older,153,,,
Tokyo Godfathers,,8.28,829,279,296,Movie,1,Finished Airing,"Nov 8, 2003","Dentsu,       Genco,       Tohokushinsha Film Corporation","Sony Pictures Entertainment,       GKIDS",Madhouse,Original,"Award Winning, Comedy, Drama",Childcare,1 hr. 32 min.,PG-13 - Teens 13 or older,"2,672",,,
Yuru Camp△ Season 3,Laid-Back Camp Season 3,8.29,2596,278,71,TV,12,Currently Airing,"Apr 4, 2024 to Jun 20, 2024","Sotsu,       Half H.P Studio,       AT-X,       KlockWorx,       Houbunsha,       MAGES.,       81 Produce,       BS11,       FuRyu,       Sony Music Solutions,       enish","None found, add some",8bit,Manga,Slice of Life,"CGDCT, Iyashikei",23 min. per ep.,PG-13 - Teens 13 or older,434,Spring 2024,Thursdays at 23:00 (JST),
Initial D Final Stage,,8.29,1583,275,145,TV,4,Finished Airing,"May 16, 2014 to Jun 22, 2014",Avex Entertainment,"None found, add some",SynergySP,Manga,,Racing,27 min. per ep.,PG-13 - Teens 13 or older,973,Spring 2014,Unknown,Seinen
Boku no Hero Academia 6th Season,My Hero Academia Season 6,8.29,325,274,652,TV,25,Finished Airing,"Oct 1, 2022 to Mar 25, 2023","Dentsu,       Yomiuri Telecasting,       Movic,       Sony Music Entertainment,       TOHO animation,       Shueisha","None found, add some",Bones,Manga,Action,"School, Super Power",23 min. per ep.,PG-13 - Teens 13 or older,"7,212",Fall 2022,Saturdays at 17:30 (JST),Shounen
Yuukoku no Moriarty Part 2,Moriarty the Patriot Part 2,8.28,966,280,254,TV,13,Finished Airing,"Apr 4, 2021 to Jun 27, 2021","Mainichi Broadcasting System,       Shueisha,       Yomiuri TV Enterprise,       Bandai Namco Arts,       Bandai Spirits",Funimation,Production I.G,Manga,"Mystery, Suspense","Adult Cast, Historical, Organized Crime, Psychological",23 min. per ep.,R - 17+ (violence & profanity),"3,124",Spring 2021,Sundays at 22:30 (JST),Shounen
Kaijuu 8-gou,Kaiju No. 8,8.28,856,281,287,TV,12,Currently Airing,"Apr 13, 2024 to ?","TV Tokyo,       Khara,       Nippon Columbia,       TOHO animation,       Shueisha,       Sonilude,       Toho Music","None found, add some",Production I.G,Manga,"Action, Sci-Fi","Adult Cast, Military",23 min. per ep.,PG-13 - Teens 13 or older,"2,119",Spring 2024,Saturdays at 23:00 (JST),Shounen
Redline,,8.28,616,284,381,Movie,1,Finished Airing,"Aug 14, 2009",Tohokushinsha Film Corporation,Anchor Bay Films,Madhouse,Original,"Action, Sci-Fi","Adult Cast, Racing",1 hr. 42 min.,R+ - Mild Nudity,"5,649",,,
Major: World Series,,8.28,3698,283,37,OVA,2,Finished Airing,"Dec 16, 2011 to Jan 18, 2012","None found, add some","None found, add some",SynergySP,Manga,Sports,Team Sports,28 min. per ep.,PG-13 - Teens 13 or older,101,,,Shounen
Rurouni Kenshin: Meiji Kenkaku Romantan,Rurouni Kenshin,8.28,450,285,497,TV,94,Finished Airing,"Jan 10, 1996 to Sep 8, 1998","Aniplex,       SME Visual Works,       Fuji TV","Media Blasters,       Aniplex of America","Gallop,       Studio Deen",Manga,"Action, Comedy, Romance","Historical, Samurai",25 min. per ep.,PG-13 - Teens 13 or older,"10,146",Winter 1996,Wednesdays at 19:30 (JST),Shounen
Kino no Tabi: The Beautiful World,Kino's Journey,8.28,757,282,319,TV,13,Finished Airing,"Apr 8, 2003 to Jul 8, 2003","WOWOW,       Genco,       Pony Canyon,       Studio Wombat,       chara-ani.com,       ASCII Media Works","ADV Films,       Sentai Filmworks",A.C.G.T.,Light novel,"Adventure, Drama, Fantasy",,24 min. per ep.,R - 17+ (violence & profanity),"6,999",Spring 2003,Tuesdays at 18:30 (JST),
Doukyuusei (Movie),Doukyusei -Classmates-,8.28,905,286,271,Movie,1,Finished Airing,"Feb 20, 2016","Aniplex,       Half H.P Studio",Aniplex of America,A-1 Pictures,Manga,Boys Love,School,1 hr.,PG-13 - Teens 13 or older,"6,223",,,
Gintama: Shinyaku Benizakura-hen,,8.28,3360,287,44,Special,1,Finished Airing,"Dec 15, 2010","None found, add some","None found, add some",Sunrise,Manga,"Action, Comedy, Sci-Fi","Historical, Parody, Samurai",11 min.,PG-13 - Teens 13 or older,52,,,Shounen
Hotarubi no Mori e,Into the Forest of Fireflies' Light,8.28,222,288,826,Movie,1,Finished Airing,"Sep 17, 2011","TV Tokyo,       Aniplex,       Nihon Ad Systems,       Hakusensha,       DAX Production","None found, add some",Brain's Base,Manga,"Award Winning, Drama, Romance, Supernatural",,45 min.,G - All Ages,"10,342",,,Shoujo
Diamond no Ace: Act II,Ace of Diamond Act II,8.27,2226,289,91,TV,52,Finished Airing,"Apr 2, 2019 to Mar 31, 2020","TV Tokyo,       Sotsu,       Pony Canyon,       Kodansha,       AT-X,       DAX Production","None found, add some",Madhouse,Manga,Sports,"School, Team Sports",24 min. per ep.,PG-13 - Teens 13 or older,998,Spring 2019,Tuesdays at 17:55 (JST),Shounen
Fate/Zero,,8.27,79,291,1,TV,13,Finished Airing,"Oct 2, 2011 to Dec 25, 2011","Aniplex,       Nitroplus,       Seikaisha,       Notes",Aniplex of America,ufotable,Light novel,"Action, Fantasy, Supernatural",,27 min. per ep.,R - 17+ (violence & profanity),"33,652",Fall 2011,Sundays at 00:00 (JST),
Dr. Stone,,8.27,50,290,1,TV,24,Finished Airing,"Jul 5, 2019 to Dec 13, 2019","TOHO animation,       Shueisha,       8PAN","Funimation,       Crunchyroll",TMS Entertainment,Manga,"Adventure, Comedy, Sci-Fi",Survival,24 min. per ep.,PG-13 - Teens 13 or older,"28,512",Summer 2019,Fridays at 22:00 (JST),Shounen
Gin no Saji 2nd Season,Silver Spoon 2nd Season,8.27,1578,292,146,TV,11,Finished Airing,"Jan 10, 2014 to Mar 28, 2014","Aniplex,       Dentsu,       Fuji TV,       Kyoraku Industrial Holdings",Aniplex of America,A-1 Pictures,Manga,Comedy,School,24 min. per ep.,PG-13 - Teens 13 or older,673,Winter 2014,Fridays at 00:50 (JST),Shounen
Gyakkyou Burai Kaiji: Ultimate Survivor,Kaiji: Ultimate Survivor,8.27,664,294,356,TV,26,Finished Airing,"Oct 3, 2007 to Apr 2, 2008","VAP,       Nippon Television Network",Sentai Filmworks,Madhouse,Manga,Suspense,"Adult Cast, High Stakes Game, Psychological, Strategy Game",23 min. per ep.,R - 17+ (violence & profanity),"10,119",Fall 2007,Wednesdays at 00:59 (JST),Seinen
Ginga Eiyuu Densetsu: Die Neue These - Seiran 3,Legend of the Galactic Heroes: Die Neue These - Stellar War Part 3,8.27,4335,293,26,Movie,4,Finished Airing,"Nov 29, 2019",Shochiku,"None found, add some",Production I.G,Novel,"Drama, Sci-Fi","Adult Cast, Military, Space",25 min. per ep.,R - 17+ (violence & profanity),105,,,
Tsubasa: Tokyo Revelations,Tsubasa RESERVoir CHRoNiCLE: Tokyo Revelations,8.27,2145,297,96,OVA,3,Finished Airing,"Nov 16, 2007 to Mar 17, 2008",Kodansha,Funimation,Production I.G,Manga,"Action, Adventure, Drama, Fantasy, Romance",,24 min. per ep.,R - 17+ (violence & profanity),835,,,Shounen
Tenki no Ko,Weathering with You,8.27,156,296,1,Movie,1,Finished Airing,"Jul 19, 2019","TOHO,       JR East Marketing & Communications,       Kadokawa,       voque ting,       STORY,       Lawson Entertainment",GKIDS,CoMix Wave Films,Original,"Award Winning, Drama, Fantasy, Romance",,1 hr. 52 min.,PG-13 - Teens 13 or older,"12,366",,,
Shirobako,,8.27,509,295,446,TV,24,Finished Airing,"Oct 9, 2014 to Mar 26, 2015","Sotsu,       Movic,       Warner Bros. Japan,       KlockWorx,       Showgate,       Infinite,       Imagine",Sentai Filmworks,P.A. Works,Original,"Award Winning, Comedy, Drama","Adult Cast, Otaku Culture, Workplace",24 min. per ep.,PG-13 - Teens 13 or older,"6,228",Fall 2014,Thursdays at 23:30 (JST),
Tunshi Xingkong 2nd Season,Swallowed Star 2nd Season,8.27,8031,298,5,ONA,26,Finished Airing,"Dec 29, 2021 to Sep 7, 2022","Tencent Animation & Comics,       Tencent Penguin Pictures","None found, add some",Sparkly Key Animation Studio,Novel,"Action, Adventure, Fantasy, Sci-Fi",Martial Arts,21 min. per ep.,PG-13 - Teens 13 or older,124,,,
Yuru Camp△,Laid-Back Camp,8.27,456,299,495,TV,12,Finished Airing,"Jan 4, 2018 to Mar 22, 2018","Sotsu,       AT-X,       Sony Music Communications,       MAGES.,       81 Produce,       BS11,       FuRyu,       Crunchyroll SC Anime Fund","None found, add some",C-Station,Manga,Slice of Life,"CGDCT, Iyashikei",23 min. per ep.,PG-13 - Teens 13 or older,"11,361",Winter 2018,Thursdays at 23:00 (JST),
Koukaku Kidoutai,Ghost in the Shell,8.27,337,300,640,Movie,1,Finished Airing,"Nov 18, 1995","Bandai Visual,       Kodansha",Manga Entertainment,Production I.G,Manga,"Action, Award Winning, Mystery, Sci-Fi, Suspense","Adult Cast, Detective, Mecha, Psychological",1 hr. 22 min.,R+ - Mild Nudity,"13,077",,,Seinen
Naruto: Shippuuden,Naruto Shippuden,8.27,16,301,2,TV,500,Finished Airing,"Feb 15, 2007 to Mar 23, 2017","TV Tokyo,       Aniplex,       KSS,       Rakuonsha,       TV Tokyo Music,       Shueisha",VIZ Media,Pierrot,Manga,"Action, Adventure, Fantasy",Martial Arts,23 min. per ep.,PG-13 - Teens 13 or older,"112,968",Winter 2007,Thursdays at 19:30 (JST),Shounen
